{"cameraMode":{"drawMode":0,"name":"Shaded","section":"Shading Mode"},"sceneLighting":true,"audioPlay":false,"sceneViewState":{"showFog":true,"showMaterialUpdate":false,"showSkybox":true,"showFlares":true,"showImageEffects":true,"showParticleSystems":true},"in2DMode":false,"pivot":{"x":39.30479431152344,"y":-40.45067596435547,"z":-9.91161060333252},"rotation":{"x":0.255138099193573,"y":0.6433508992195129,"z":-0.24128545820713044,"w":0.6802834272384644},"size":83.0409927368164,"orthographic":false}